<?xml version="1.0" encoding="UTF-8" ?>
<!DOCTYPE mapper
PUBLIC "-//mybatis.org//DTD Mapper 3.0//EN"
"http://mybatis.org/dtd/mybatis-3-mapper.dtd">
<mapper namespace="mmuser">
	<insert id="signUp" parameterType="vo.MovieMate_UserVO">
		INSERT INTO moviemate_user
		VALUES(seq_user_idx.nextVal, #{username}, #{email}, #{pwd},
		#{profile_img}, #{type}, sysdate)
	</insert>

	<select id="double_check" resultType="int"
		parameterType="vo.MovieMate_UserVO">
		SELECT COUNT(*) FROM moviemate_user WHERE username =
		#{username}
	</select>

	<select id="email_check" resultType="int"
		parameterType="vo.MovieMate_UserVO">
		SELECT COUNT(*) FROM moviemate_user WHERE email =
		#{email}
	</select>

	<select id="userInfo" resultType="vo.MovieMate_UserVO"
		parameterType="vo.MovieMate_UserVO">
		SELECT * FROM moviemate_user WHERE username =
		#{username}
	</select>

	<select id="login" resultType="vo.MovieMate_UserVO"
		parameterType="vo.MovieMate_UserVO">
		SELECT * FROM moviemate_user WHERE email =
		#{email} AND
		pwd = #{pwd}
	</select>

	<select id="search_user" resultType="vo.MovieMate_UserVO"
		parameterType="string">
		SELECT * FROM moviemate_user WHERE username LIKE
		'%' ||
		#{keyword} || '%'
	</select>

	<select id="mypage" resultType="vo.MovieMate_UserVO"
		parameterType="string">
		select * from moviemate_user WHERE email =
		#{email} AND
		pwd = #{pwd}
	</select>

	<update id="update_userInfo" parameterType="vo.MovieMate_UserVO">
		UPDATE moviemate_user
		SET username = #{username}, pwd = #{pwd}, profile_img = #{profile_img}
		WHERE user_idx = #{user_idx}
	</update>

	<select id="userInfo_idx" resultType="vo.MovieMate_UserVO"
		parameterType="int">
		SELECT * FROM moviemate_user WHERE user_idx =
		#{user_idx}
	</select>

	<select id="kakaoLogin" resultType="vo.MovieMate_UserVO"
		parameterType="vo.MovieMate_UserVO">
		SELECT * FROM moviemate_user WHERE email = #{email}
	</select>
</mapper>












