<?xml version="1.0" encoding="UTF-8"?>
<beans:beans
	xmlns="http://www.springframework.org/schema/mvc"
	xmlns:xsi="http://www.w3.org/2001/XMLSchema-instance"
	xmlns:beans="http://www.springframework.org/schema/beans"
	xmlns:context="http://www.springframework.org/schema/context"
	xsi:schemaLocation="http://www.springframework.org/schema/mvc https://www.springframework.org/schema/mvc/spring-mvc.xsd
		http://www.springframework.org/schema/beans https://www.springframework.org/schema/beans/spring-beans.xsd
		http://www.springframework.org/schema/context https://www.springframework.org/schema/context/spring-context.xsd">

	<!-- DispatcherServlet Context: defines this servlet's request-processing 
		infrastructure -->

	<!-- Enables the Spring MVC @Controller programming model -->
	<annotation-driven />

	<!-- Handles HTTP GET requests for /resources/** by efficiently serving 
		up static resources in the ${webappRoot}/resources directory -->
	<resources mapping="/resources/**" location="/resources/" />

	<!-- 컨트롤러가 수동생성 되고 있는 경우, @autowired가 가능하도록 하는 설정 -->
	<context:annotation-config />

	<!-- controller create -->
	<!-- <beans:bean class="com.korea.visit.VisitController"> <beans:constructor-arg 
		ref="visit_daoBean"></beans:constructor-arg> </beans:bean> -->

	<beans:bean class="project.movie.mate.MovieController">
		<beans:constructor-arg ref="movieCast_dao"></beans:constructor-arg>
		<beans:constructor-arg ref="movieTag_dao"></beans:constructor-arg>
		<beans:constructor-arg ref="movieUser_dao"></beans:constructor-arg>
		<beans:constructor-arg ref="moviemateCast_dao"></beans:constructor-arg>
		<beans:constructor-arg
			ref="moviemateComment_dao"></beans:constructor-arg>
		<beans:constructor-arg
			ref="moviemateGenreRec_dao"></beans:constructor-arg>
		<beans:constructor-arg ref="moviemateMovie_dao"></beans:constructor-arg>
		<beans:constructor-arg ref="moviemateTag_dao"></beans:constructor-arg>
		<beans:constructor-arg ref="userCast_dao"></beans:constructor-arg>
		<beans:constructor-arg ref="moviemateUser_dao"></beans:constructor-arg>
	</beans:bean>

	<beans:bean class="project.movie.mate.UserController">
		<beans:constructor-arg ref="moviemateUser_dao"></beans:constructor-arg>
		<beans:constructor-arg ref="userComment_dao"></beans:constructor-arg>
		<beans:constructor-arg
			ref="moviemateComment_dao"></beans:constructor-arg>
	</beans:bean>

	<beans:bean class="project.movie.mate.KakaoController">
		<beans:constructor-arg ref="kakao"></beans:constructor-arg>
		<beans:constructor-arg ref="moviemateUser_dao"></beans:constructor-arg>
	</beans:bean>
	
	<beans:bean class="project.movie.mate.NaverController">
		<beans:constructor-arg ref="naver"></beans:constructor-arg>
	</beans:bean>
	
	



</beans:beans>
